din-tai-fung-seattle,Din Tai Fung,Taiwanese,Shanghainese,Dim Sum
secret-congee-seattle,Secret Congee,Comfort Food,Asian Fusion
burbs-burger-seattle,Burb's Burgers,Fast Food,Food Trucks
cookies-country-chicken-seattle,Cookie's Country Chicken,Chicken Shop,American,Pop-Up Restaurants
dumpling-the-noodle-seattle,Dumpling The Noodle,Noodles,Chinese
maono-fried-chicken-seattle,Ma'ono Fried Chicken,Sandwiches,Chicken Shop
brunello-ristorante-seattle,Brunello Ristorante,Italian
capsule-cafe-seattle,Capsule Cafe,Taiwanese,Pan Asian
xian-noodles-seattle-9,Xi'an Noodles,Chinese,Hot Pot
pomodoro-seattle,Pomodoro,Italian,Spanish,Tapas
man-vs-fries-seattle,Man vs Fries,Mexican,Pop-Up Restaurant
the-harvest-vine-seattle,The Harvest Vine,Tapas,Spanish,Basque
diy-tea-lab-seattle,DIY Tea Lab,Bubble Tea,Juice Bar,Smoothies,Waffles
pike-place-chowder-seattle,Pike Place Chowder,Seafood,Soup
the-pink-door-seattle-4,The Pink Door,Italian,Wine,Seafood
elliotts-oyster-house-seattle-2,Elliott's Oyster House,Seafood
aviv-shawarma-bar-seattle-2,Aviv Shawarma Bar,Mediterranean,Middle Eastern
pasta-casalinga-seattle,Pasta Casalinga,Italian
taurus-ox-seattle,Taurus Ox,Laotian,Asian Fusion,Noodles
cortina-seattle-3,Cortina,Italian
serious-pie-seattle,Serious Pie,Pizza
haidilao-hot-pot-seattle-4,Haidilao Hot Pot,Szechuan,Hot Pot,Chinese
piroshky-piroshky-seattle,Piroshky Piroshky,Bakery,Russian
karaage-setsuna-seattle,Karaage Setsuna,Japanese,Hawaiian
